id,part_number,part_name,width,color,position_name,hook_start,hook_end
5,1539359,CIRCLE AS,30,AMARELO,Prog.,10,11
5,1539359,CIRCLE AS,30,AMARELO,Prog.,2,3
5,1539359,CIRCLE AS,30,AMARELO,Prog.,4,5
5,1539359,CIRCLE AS,30,AMARELO,Prog.,7,8
6,1539360,CIRCLE AS,20,AMARELO,Prog.,10,11
6,1539360,CIRCLE AS,20,AMARELO,Prog.,2,3
6,1539360,CIRCLE AS,20,AMARELO,Prog.,4,5
6,1539360,CIRCLE AS,20,AMARELO,Prog.,7,8
8,1694092,BLADE AS-STR,20,AMARELO,Prog.,2,5
8,1694092,BLADE AS-STR,20,AMARELO,Prog.,7,10
13,2436650,CIRCLE AS,20,AMARELO,Prog.,10,11
13,2436650,CIRCLE AS,20,AMARELO,Prog.,2,3
13,2436650,CIRCLE AS,20,AMARELO,Prog.,4,5
13,2436650,CIRCLE AS,20,AMARELO,Prog.,7,8
14,2436670,CIRCLE AS,20,AMARELO,Prog.,10,11
14,2436670,CIRCLE AS,20,AMARELO,Prog.,2,3
14,2436670,CIRCLE AS,20,AMARELO,Prog.,4,5
14,2436670,CIRCLE AS,20,AMARELO,Prog.,7,8
19,2458152,BLADE AS - SU,40,AMARELO,Prog.,1,6
21,2534651,DRAWBAR AS,40,AMARELO,Prog.,3,5
21,2534651,DRAWBAR AS,40,AMARELO,Prog.,9,11
23,2607792,MOLDBOARD AS,20,AMARELO,Prog.,1,6
23,2607792,MOLDBOARD AS,20,AMARELO,Prog.,7,11
24,2607793,MOLDBOARD AS,20,AMARELO,Prog.,1,6
24,2607793,MOLDBOARD AS,20,AMARELO,Prog.,7,11
25,2607794,MOLDBOARD AS,20,AMARELO,Prog.,1,6
25,2607794,MOLDBOARD AS,20,AMARELO,Prog.,7,11
26,2651070,CIRCLE AS,20,AMARELO,Prog.,10,11
26,2651070,CIRCLE AS,20,AMARELO,Prog.,2,3
26,2651070,CIRCLE AS,20,AMARELO,Prog.,4,5
26,2651070,CIRCLE AS,20,AMARELO,Prog.,7,8
32,2850592,TANDEM GP-COVER,50,AMARELO,Prog.,10,11
32,2850592,TANDEM GP-COVER,50,AMARELO,Prog.,2,3
32,2850592,TANDEM GP-COVER,50,AMARELO,Prog.,4,5
32,2850592,TANDEM GP-COVER,50,AMARELO,Prog.,7,8
33,2850596,TANDEM GP-COVER&,50,AMARELO,Prog.,10,11
33,2850596,TANDEM GP-COVER&,50,AMARELO,Prog.,2,3
33,2850596,TANDEM GP-COVER&,50,AMARELO,Prog.,4,5
33,2850596,TANDEM GP-COVER&,50,AMARELO,Prog.,7,8
37,3072881,FRAME AS-MTG,60,AMARELO,Prog.,10,11
37,3072881,FRAME AS-MTG,60,AMARELO,Prog.,2,3
37,3072881,FRAME AS-MTG,60,AMARELO,Prog.,4,5
37,3072881,FRAME AS-MTG,60,AMARELO,Prog.,7,8
39,3202746,MOLDBOARD AS,20,AMARELO,Prog.,1,6
39,3202746,MOLDBOARD AS,20,AMARELO,Prog.,7,11
40,3202749,MOLDBOARD AS,20,AMARELO,Prog.,1,6
40,3202749,MOLDBOARD AS,20,AMARELO,Prog.,7,11
41,3207431,BLADE GP-MG,20,AMARELO,Prog.,1,6
41,3207431,BLADE GP-MG,20,AMARELO,Prog.,7,11
43,3387506,DRAWBAR AS,20,AMARELO,Prog.,3,5
43,3387506,DRAWBAR AS,20,AMARELO,Prog.,9,11
44,3418350,DRAWBAR&YOKE AS,20,AMARELO,Prog.,3,5
44,3418350,DRAWBAR&YOKE AS,20,AMARELO,Prog.,9,11
45,3438422,ARM AS-LIFT,30,AMARELO,Prog.,1,6
45,3438422,ARM AS-LIFT,30,AMARELO,Prog.,7,11
46,3493046,MOLDBOARD AR,20,AMARELO,Prog.,1,6
46,3493046,MOLDBOARD AR,20,AMARELO,Prog.,7,11
47,3493047,MOLDBOARD AR,20,AMARELO,Prog.,1,6
47,3493047,MOLDBOARD AR,20,AMARELO,Prog.,7,11
48,3493048,MOLDBOARD AR,20,AMARELO,Prog.,1,6
48,3493048,MOLDBOARD AR,20,AMARELO,Prog.,7,11
51,3500678,MOLDBOARD AR,20,AMARELO,Prog.,1,6
51,3500678,MOLDBOARD AR,20,AMARELO,Prog.,7,11
52,3519810,FRAME AS-MTG,60,AMARELO,Prog.,5,11
52,3519810,FRAME AS-MTG,60,AMARELO,Prog.,6,11
62,3800712,AXLE AR-FRONT,40,AMARELO,Prog.,10,11
62,3800712,AXLE AR-FRONT,40,AMARELO,Prog.,2,3
62,3800712,AXLE AR-FRONT,40,AMARELO,Prog.,4,5
62,3800712,AXLE AR-FRONT,40,AMARELO,Prog.,7,8
64,3824338,STICK AS,20,AMARELO,Prog.,2,5
64,3824338,STICK AS,20,AMARELO,Prog.,8,10
65,3824342,STICK AS,20,AMARELO,Prog.,2,5
65,3824342,STICK AS,20,AMARELO,Prog.,8,10
68,3901262,AXLE GP-FRONT,40,AMARELO,Prog.,10,11
68,3901262,AXLE GP-FRONT,40,AMARELO,Prog.,2,3
68,3901262,AXLE GP-FRONT,40,AMARELO,Prog.,4,5
68,3901262,AXLE GP-FRONT,40,AMARELO,Prog.,7,8
69,3918586,AXLE AR,40,AMARELO,Prog.,10,11
69,3918586,AXLE AR,40,AMARELO,Prog.,2,3
69,3918586,AXLE AR,40,AMARELO,Prog.,3,5
69,3918586,AXLE AR,40,AMARELO,Prog.,4,5
69,3918586,AXLE AR,40,AMARELO,Prog.,7,8
69,3918586,AXLE AR,40,AMARELO,Prog.,9,11
71,3936315,FRAME AS-MTG,60,AMARELO,Prog.,5,11
71,3936315,FRAME AS-MTG,60,AMARELO,Prog.,6,11
72,3968955,CIRCLE AS,20,AMARELO,Prog.,10,11
72,3968955,CIRCLE AS,20,AMARELO,Prog.,2,3
72,3968955,CIRCLE AS,20,AMARELO,Prog.,4,5
72,3968955,CIRCLE AS,20,AMARELO,Prog.,7,8
73,4178149,CIRCLE AS,20,AMARELO,Prog.,10,11
73,4178149,CIRCLE AS,20,AMARELO,Prog.,2,3
73,4178149,CIRCLE AS,20,AMARELO,Prog.,4,5
73,4178149,CIRCLE AS,20,AMARELO,Prog.,7,8
76,4239923,DRIVE GP-CIRCLE,20,AMARELO,Pos A,2,3
76,4239923,DRIVE GP-CIRCLE,20,AMARELO,Prog.,10,11
76,4239923,DRIVE GP-CIRCLE,20,AMARELO,Prog.,4,5
76,4239923,DRIVE GP-CIRCLE,20,AMARELO,Prog.,7,8
77,4289405,STICK AS,20,AMARELO,Prog.,2,5
77,4289405,STICK AS,20,AMARELO,Prog.,8,10
79,4308985,FRAME AS,60,AMARELO,Prog.,10,11
79,4308985,FRAME AS,60,AMARELO,Prog.,2,3
79,4308985,FRAME AS,60,AMARELO,Prog.,4,5
79,4308985,FRAME AS,60,AMARELO,Prog.,7,8
80,4336117,AXLE GP-FRONT,40,AMARELO,Prog.,10,11
80,4336117,AXLE GP-FRONT,40,AMARELO,Prog.,2,3
80,4336117,AXLE GP-FRONT,40,AMARELO,Prog.,5,6
80,4336117,AXLE GP-FRONT,40,AMARELO,Prog.,7,8
81,4349695,DRAWBAR AS,20,AMARELO,Prog.,3,5
81,4349695,DRAWBAR AS,20,AMARELO,Prog.,9,11
82,4361941,DRAWBAR AS,40,AMARELO,Prog.,3,5
82,4361941,DRAWBAR AS,40,AMARELO,Prog.,9,11
83,4363473,BLADE GP-MG,20,AMARELO,Prog.,1,6
83,4363473,BLADE GP-MG,20,AMARELO,Prog.,7,11
86,4436041,TANDEM GP,50,AMARELO,Prog.,10,11
86,4436041,TANDEM GP,50,AMARELO,Prog.,2,3
86,4436041,TANDEM GP,50,AMARELO,Prog.,4,5
86,4436041,TANDEM GP,50,AMARELO,Prog.,7,8
88,4447479,CASE AS,60,AMARELO,Prog.,10,11
88,4447479,CASE AS,60,AMARELO,Prog.,2,3
88,4447479,CASE AS,60,AMARELO,Prog.,4,5
88,4447479,CASE AS,60,AMARELO,Prog.,7,8
90,4488655,FRAME AS-MTG,60,AMARELO,Prog.,6,11
90,4488655,FRAME AS-MTG,60,AMARELO,Prog.,6,11
92,4506413,CIRCLE AS,20,AMARELO,Prog.,10,11
92,4506413,CIRCLE AS,20,AMARELO,Prog.,2,3
92,4506413,CIRCLE AS,20,AMARELO,Prog.,4,5
92,4506413,CIRCLE AS,20,AMARELO,Prog.,7,8
93,4552999,FRAME AS-MTG,60,AMARELO,Prog.,6,11
96,4618678,AXLE GP-FRONT,40,AMARELO,Prog.,10,11
96,4618678,AXLE GP-FRONT,40,AMARELO,Prog.,2,3
96,4618678,AXLE GP-FRONT,40,AMARELO,Prog.,4,5
96,4618678,AXLE GP-FRONT,40,AMARELO,Prog.,7,8
98,4638840,BLADE AS,40,AMARELO,Prog.,1,6
102,4698367,AXLE GP-FRONT,40,AMARELO,Prog.,10,11
102,4698367,AXLE GP-FRONT,40,AMARELO,Prog.,2,3
102,4698367,AXLE GP-FRONT,40,AMARELO,Prog.,4,5
102,4698367,AXLE GP-FRONT,40,AMARELO,Prog.,7,8
103,4698368,TANDEM GP-COVER&,50,AMARELO,Prog.,10,11
103,4698368,TANDEM GP-COVER&,50,AMARELO,Prog.,2,3
103,4698368,TANDEM GP-COVER&,50,AMARELO,Prog.,4,5
103,4698368,TANDEM GP-COVER&,50,AMARELO,Prog.,7,8
107,4750197,FRAME AS-MTG,60,AMARELO,Prog.,6,11
108,4754909,CASE AS-FRAME,60,AMARELO,Prog.,10,11
108,4754909,CASE AS-FRAME,60,AMARELO,Prog.,2,3
108,4754909,CASE AS-FRAME,60,AMARELO,Prog.,4,5
108,4754909,CASE AS-FRAME,60,AMARELO,Prog.,5,7
108,4754909,CASE AS-FRAME,60,AMARELO,Prog.,7,8
108,4754909,CASE AS-FRAME,60,AMARELO,Prog.,9,11
109,4818264,FRAME AS-MTG,60,AMARELO,Prog.,6,11
110,4818265,FRAME AS-MTG,60,AMARELO,Prog.,6,11
110,4818265,FRAME AS-MTG,60,AMARELO,Prog.,6,11
111,4877786,BLADE AS,40,AMARELO,Prog.,1,6
114,4912080,ARM AS-LIFT,30,AMARELO,Prog.,1,6
114,4912080,ARM AS-LIFT,30,AMARELO,Prog.,7,11
115,4912083,ARM AS-LIFT,30,AMARELO,Prog.,1,6
115,4912083,ARM AS-LIFT,30,AMARELO,Prog.,7,11
116,4912098,ARM AS-LIFT,30,AMARELO,Prog.,1,6
116,4912098,ARM AS-LIFT,30,AMARELO,Prog.,7,11
117,4912118,ARM AS-LIFT,30,AMARELO,Prog.,1,6
117,4912118,ARM AS-LIFT,30,AMARELO,Prog.,2,4
117,4912118,ARM AS-LIFT,30,AMARELO,Prog.,6,8
117,4912118,ARM AS-LIFT,30,AMARELO,Prog.,7,11
117,4912118,ARM AS-LIFT,30,AMARELO,Prog.,9,11
118,5034856,AXLE AR,40,AMARELO,Prog.,10,11
118,5034856,AXLE AR,40,AMARELO,Prog.,2,3
118,5034856,AXLE AR,40,AMARELO,Prog.,4,5
118,5034856,AXLE AR,40,AMARELO,Prog.,7,8
121,5077762,FRAME AS,60,AMARELO,Prog.,5,11
121,5077762,FRAME AS,60,AMARELO,Prog.,6,11
122,5077765,FRAME AS,60,AMARELO,Prog.,5,11
122,5077765,FRAME AS,60,AMARELO,Prog.,6,11
124,5077772,CASE AS,60,AMARELO,Prog.,10,11
124,5077772,CASE AS,60,AMARELO,Prog.,2,3
124,5077772,CASE AS,60,AMARELO,Prog.,4,5
124,5077772,CASE AS,60,AMARELO,Prog.,7,8
126,5081959,FRAME AS-EEF,60,AMARELO,Prog.,7,11
127,5081961,FRAME AS-EEF,60,AMARELO,Prog.,7,11
130,5108569,BLADE AS,40,AMARELO,Prog.,1,6
131,5108677,BLADE AS,40,AMARELO,Prog.,1,6
134,5114647,AXLE GP-FRONT,40,AMARELO,Prog.,10,11
134,5114647,AXLE GP-FRONT,40,AMARELO,Prog.,2,3
134,5114647,AXLE GP-FRONT,40,AMARELO,Prog.,4,5
134,5114647,AXLE GP-FRONT,40,AMARELO,Prog.,7,8
135,5114648,AXLE GP-FRONT,40,AMARELO,Prog.,10,11
135,5114648,AXLE GP-FRONT,40,AMARELO,Prog.,2,3
135,5114648,AXLE GP-FRONT,40,AMARELO,Prog.,4,5
135,5114648,AXLE GP-FRONT,40,AMARELO,Prog.,7,8
138,5150410,BLADE AS-SU,40,AMARELO,Prog.,1,6
139,5152251,AXLE GP-FRONT,40,AMARELO,Prog.,10,11
139,5152251,AXLE GP-FRONT,40,AMARELO,Prog.,2,3
139,5152251,AXLE GP-FRONT,40,AMARELO,Prog.,4,5
139,5152251,AXLE GP-FRONT,40,AMARELO,Prog.,7,8
140,5198369,TANDEM GP-COVER,50,AMARELO,Prog.,10,11
140,5198369,TANDEM GP-COVER,50,AMARELO,Prog.,2,3
140,5198369,TANDEM GP-COVER,50,AMARELO,Prog.,4,5
140,5198369,TANDEM GP-COVER,50,AMARELO,Prog.,7,8
142,5210139,DRAWBAR AS-BOSS,40,AMARELO,Prog.,3,5
142,5210139,DRAWBAR AS-BOSS,40,AMARELO,Prog.,9,11
143,5210142,DRAWBAR AS-BOSS,40,AMARELO,Prog.,3,5
143,5210142,DRAWBAR AS-BOSS,40,AMARELO,Prog.,9,11
144,5226409,BLADE AS,40,AMARELO,Prog.,1,6
145,5227520,FRAME AS,30,AMARELO,Prog.,10,11
145,5227520,FRAME AS,30,AMARELO,Prog.,2,3
145,5227520,FRAME AS,30,AMARELO,Prog.,4,5
145,5227520,FRAME AS,30,AMARELO,Prog.,7,8
146,5227531,FRAME AS,30,AMARELO,Prog.,10,11
146,5227531,FRAME AS,30,AMARELO,Prog.,2,3
146,5227531,FRAME AS,30,AMARELO,Prog.,4,5
146,5227531,FRAME AS,30,AMARELO,Prog.,7,8
149,5232458,FRAME AS-STRIKER,30,AMARELO,Prog.,10,11
149,5232458,FRAME AS-STRIKER,30,AMARELO,Prog.,2,3
149,5232458,FRAME AS-STRIKER,30,AMARELO,Prog.,4,5
149,5232458,FRAME AS-STRIKER,30,AMARELO,Prog.,7,8
153,5313360,CIRCLE AS,20,AMARELO,Prog.,10,11
153,5313360,CIRCLE AS,20,AMARELO,Prog.,2,3
153,5313360,CIRCLE AS,20,AMARELO,Prog.,4,5
153,5313360,CIRCLE AS,20,AMARELO,Prog.,7,8
154,5313373,DRAWBAR AS,40,AMARELO,Prog.,3,5
154,5313373,DRAWBAR AS,40,AMARELO,Prog.,9,11
155,5334787,ARM AS-LIFT,30,AMARELO,Prog.,1,6
155,5334787,ARM AS-LIFT,30,AMARELO,Prog.,7,11
156,5361966,AXLE AR-OSC,30,AMARELO,Prog.,10,11
156,5361966,AXLE AR-OSC,30,AMARELO,Prog.,2,3
156,5361966,AXLE AR-OSC,30,AMARELO,Prog.,4,5
156,5361966,AXLE AR-OSC,30,AMARELO,Prog.,7,8
158,5361972,AXLE AR-OSC,30,AMARELO,Prog.,10,11
158,5361972,AXLE AR-OSC,30,AMARELO,Prog.,2,3
158,5361972,AXLE AR-OSC,30,AMARELO,Prog.,4,5
158,5361972,AXLE AR-OSC,30,AMARELO,Prog.,7,8
161,5390778,BLADE AS,40,AMARELO,Prog.,1,6
163,5393756,FRAME AS-NEE,60,AMARELO,Prog.,2,5
163,5393756,FRAME AS-NEE,60,AMARELO,Prog.,5,7
163,5393756,FRAME AS-NEE,60,AMARELO,Prog.,7,9
163,5393756,FRAME AS-NEE,60,AMARELO,Prog.,9,11
164,5399049,BLADE AS,40,AMARELO,Prog.,1,6
165,5399061,BLADE AS,40,AMARELO,Prog.,1,6
173,5439831,FRAME AS-UPPER,80,AMARELO,Prog.,6,10
174,5439835,FRAME AS-UPPER,80,AMARELO,Prog.,6,10
175,5439836,FRAME AS-UPPER,80,AMARELO,Prog.,6,10
176,5478242,AXLE AR-REAR,40,AMARELO,Prog.,10,11
176,5478242,AXLE AR-REAR,40,AMARELO,Prog.,2,3
176,5478242,AXLE AR-REAR,40,AMARELO,Prog.,3,5
176,5478242,AXLE AR-REAR,40,AMARELO,Prog.,4,5
176,5478242,AXLE AR-REAR,40,AMARELO,Prog.,7,8
176,5478242,AXLE AR-REAR,40,AMARELO,Prog.,9,11
178,5512576,DRIVE GP-SWING-A,10,AMARELO,Prog.,10,11
178,5512576,DRIVE GP-SWING-A,10,AMARELO,Prog.,2,3
178,5512576,DRIVE GP-SWING-A,10,AMARELO,Prog.,4,5
178,5512576,DRIVE GP-SWING-A,10,AMARELO,Prog.,7,8
179,5555484,FRAME AS-EEF,60,AMARELO,Prog.,7,11
181,5580344,DRIVE GP-SWING-A,10,AMARELO,Prog.,10,11
181,5580344,DRIVE GP-SWING-A,10,AMARELO,Prog.,2,3
181,5580344,DRIVE GP-SWING-A,10,AMARELO,Prog.,4,5
181,5580344,DRIVE GP-SWING-A,10,AMARELO,Prog.,7,8
184,5641272,FRAME AS-NEEF,60,AMARELO,Prog.,3,5
184,5641272,FRAME AS-NEEF,60,AMARELO,Prog.,5,7
184,5641272,FRAME AS-NEEF,60,AMARELO,Prog.,7,9
184,5641272,FRAME AS-NEEF,60,AMARELO,Prog.,9,11
185,5654010,BOOM AS,40,AMARELO,Prog.,5,11
186,5654026,STICK AS,20,AMARELO,Prog.,2,5
186,5654026,STICK AS,20,AMARELO,Prog.,8,10
188,5717929,FRAME AS-NEE,60,AMARELO,Prog.,3,5
188,5717929,FRAME AS-NEE,60,AMARELO,Prog.,7,9
189,5721989,ARM AS-LIFT,30,AMARELO,Prog.,1,6
189,5721989,ARM AS-LIFT,30,AMARELO,Prog.,2,4
189,5721989,ARM AS-LIFT,30,AMARELO,Prog.,6,8
189,5721989,ARM AS-LIFT,30,AMARELO,Prog.,7,11
189,5721989,ARM AS-LIFT,30,AMARELO,Prog.,9,11
190,5721991,ARM AS-LIFT,30,AMARELO,Prog.,1,6
190,5721991,ARM AS-LIFT,30,AMARELO,Prog.,2,4
190,5721991,ARM AS-LIFT,30,AMARELO,Prog.,6,8
190,5721991,ARM AS-LIFT,30,AMARELO,Prog.,7,11
190,5721991,ARM AS-LIFT,30,AMARELO,Prog.,9,11
191,5721993,ARM AS-LIFT,30,AMARELO,Prog.,1,6
191,5721993,ARM AS-LIFT,30,AMARELO,Prog.,7,11
192,5728220,FRAME AS-EEF,60,AMARELO,Prog.,7,11
193,5731760,FRAME AS-NEE,60,AMARELO,Prog.,3,5
193,5731760,FRAME AS-NEE,60,AMARELO,Prog.,5,7
193,5731760,FRAME AS-NEE,60,AMARELO,Prog.,7,9
193,5731760,FRAME AS-NEE,60,AMARELO,Prog.,9,11
195,5740815,BLADE AS,40,AMARELO,Prog.,1,6
196,5740818,BLADE AS,40,AMARELO,Prog.,1,6
197,5740819,BLADE AS,40,AMARELO,Pos A,2,3
197,5740819,BLADE AS,40,AMARELO,Pos B,8,9
197,5740819,BLADE AS,40,AMARELO,Prog.,1,6
198,5740841,BLADE AS,40,AMARELO,Prog.,1,6
199,5740853,BLADE AS,40,AMARELO,Prog.,1,6
200,5751540,ARM AS-LIFT,30,AMARELO,Prog.,1,6
200,5751540,ARM AS-LIFT,30,AMARELO,Prog.,2,4
200,5751540,ARM AS-LIFT,30,AMARELO,Prog.,6,8
200,5751540,ARM AS-LIFT,30,AMARELO,Prog.,7,11
200,5751540,ARM AS-LIFT,30,AMARELO,Prog.,9,11
202,5751574,DRAWBAR AS,40,AMARELO,Prog.,3,5
202,5751574,DRAWBAR AS,40,AMARELO,Prog.,9,11
203,5756942,ARM AS-LIFT,30,AMARELO,Prog.,1,6
203,5756942,ARM AS-LIFT,30,AMARELO,Prog.,2,4
203,5756942,ARM AS-LIFT,30,AMARELO,Prog.,6,8
203,5756942,ARM AS-LIFT,30,AMARELO,Prog.,7,11
203,5756942,ARM AS-LIFT,30,AMARELO,Prog.,9,11
204,5756946,ARM AS-LIFT,30,AMARELO,Prog.,1,6
204,5756946,ARM AS-LIFT,30,AMARELO,Prog.,7,11
205,5756952,ARM AS-LIFT,30,AMARELO,Prog.,1,6
205,5756952,ARM AS-LIFT,30,AMARELO,Prog.,7,11
206,5789405,AXLE AR-FIXED,30,AMARELO,Prog.,10,11
206,5789405,AXLE AR-FIXED,30,AMARELO,Prog.,2,3
206,5789405,AXLE AR-FIXED,30,AMARELO,Prog.,4,5
206,5789405,AXLE AR-FIXED,30,AMARELO,Prog.,7,8
207,5789406,AXLE AR-FIXED,30,AMARELO,Prog.,10,11
207,5789406,AXLE AR-FIXED,30,AMARELO,Prog.,2,3
207,5789406,AXLE AR-FIXED,30,AMARELO,Prog.,4,5
